dataset,model,model_type,n_features,train_time,accuracy_mean,accuracy_std,f1_mean,f1_std,roc_auc_mean,roc_auc_std,primary_metric
WineQuality_White,Logistic Regression,BASELINE,11,4.409724712371826,0.5190616760288892,0.003628031541706867,0.47389958768980056,0.006463387231612709,0.7007046532922956,0.005351832359956057,0.5190616760288892
WineQuality_White,Decision Tree,BASELINE,11,0.20358896255493164,0.49027793699924843,0.0066287056214998814,0.47721051747820586,0.0069249579060844495,0.6383174419409452,0.008149271433682282,0.49027793699924843
WineQuality_White,Random Forest,BASELINE,11,3.084806442260742,0.5528876405925586,0.013586661944845972,0.5189779412119754,0.014525996145223402,0.7444542353403278,0.006725114022528301,0.5528876405925586
WineQuality_White,Extra Trees,BASELINE,11,1.3752081394195557,0.547839046199702,0.006116391578543989,0.49677250505234183,0.005964022316309218,0.7383758253096083,0.0069068453377861385,0.547839046199702
WineQuality_White,Gradient Boosting,BASELINE,11,35.41310095787048,0.5369842816564129,0.00791429154008087,0.5212174258581075,0.009032520191498127,0.7292356109319341,0.00719433238498072,0.5369842816564129
WineQuality_White,RLT-RandomForest,RLT,11,2.8422439098358154,0.5544018367788859,0.014742337058035208,0.5202467992673452,0.015944753887595635,0.7443130081550988,0.00690849731103173,0.5544018367788859
WineQuality_White,RLT-ExtraTrees,RLT,11,1.3283038139343262,0.547839046199702,0.006116391578543989,0.49677250505234183,0.005964022316309218,0.738348025096646,0.006939121907284994,0.547839046199702
WineQuality_White,RLT-GradientBoosting,RLT,11,36.587395906448364,0.5379947011094552,0.007231324666135831,0.5223839739114705,0.008219377215731726,0.7291795038167023,0.007510971194439276,0.5379947011094552
